Metric,Mean,Std
Accuracy,92.39571319730238,5.74925367329244
Precision,0.7762925170068027,0.1109300262073477
Recall,0.7734240362811791,0.13019604529355142
F1,0.7690402920061306,0.11943208806903907
